,ds,yhat_lower,yhat_upper,yhat
0,2021-01-01,30240.046703060052,31424.74783533248,30818.54529418852
1,2021-01-02,60171.34458567528,61337.18147831306,60760.1141909541
2,2021-01-03,90151.97477636058,91235.52478122263,90701.57968731606
3,2021-01-04,120119.934015668,121222.81165760467,120643.05002386916
4,2021-01-05,150074.3046987249,151158.68995787177,150584.402474201
5,2021-01-06,179964.34732653943,181081.78908013264,180526.26858289615
6,2021-01-07,209925.191140491,211002.9357843281,210467.55692724604
7,2021-01-08,239848.40700576446,240954.40799523744,240409.4180057249
8,2021-01-09,269863.3253638938,270914.66470334685,270351.0408946825
9,2021-01-10,299768.22434350627,300884.7469444105,300292.2858016768
10,2021-01-11,329637.89714047656,330811.7709107549,330233.65345054166
11,2021-01-12,359590.8552146174,360739.33701732056,360174.77996951545
12,2021-01-13,389517.1711952867,390679.5293390531,390117.09144831105
13,2021-01-14,419459.88183335174,420605.34775950306,420058.12308751256
14,2021-01-15,449473.8648160188,450570.23718740937,450000.2907172613
15,2021-01-16,479383.8937531362,480504.56512995914,479941.9675984111
16,2021-01-17,509283.9068544452,510418.7427849166,509882.99191603763
17,2021-01-18,539265.241322179,540422.5761162073,539824.2568772142
18,2021-01-19,569221.2645086815,570296.777993666,569765.15746483
19,2021-01-20,599124.6363943251,600264.7654360078,599707.9143137259
20,2021-01-21,629118.004113699,630192.379045453,629648.6892477792
21,2021-01-22,659056.7927339247,660175.4237137618,659591.1634287976
22,2021-01-23,688986.2803922007,690091.2170152791,689532.8943021395
23,2021-01-24,718899.741996801,720008.1995559281,719473.6980303983
24,2021-01-25,748853.4001811172,749951.0471812137,749404.9033490111
25,2021-01-26,778788.5738781316,779919.4582166274,779335.6210718595
26,2021-01-27,808702.9262292437,809799.2177975599,809268.8662832392
27,2021-01-28,838648.5641960847,839755.4435820518,839199.4275956247
28,2021-01-29,868540.7408347293,869705.04308812,869132.2513019913
29,2021-01-30,898543.9228168798,899618.1476467857,899064.0791844671
30,2021-01-31,928427.5068254443,929543.1472060883,928994.705426481
31,2021-02-01,958352.5097477298,959474.7943081347,958925.8080915537
32,2021-02-02,988316.8922893452,989448.8245826466,988856.2999581768
33,2021-02-03,1018199.1119732271,1019393.6003578543,1018789.9903915507
34,2021-02-04,1048121.3888034606,1049274.0844423992,1048720.2950841542
35,2021-02-05,1078085.368027542,1079284.4245612477,1078653.425239848
36,2021-02-06,1107992.8827648005,1109152.642932155,1108585.307096561
37,2021-02-07,1137970.234386192,1139074.2964099974,1138515.7128225635
38,2021-02-08,1167855.7724691208,1168974.3125035674,1168446.7128340963
39,2021-02-09,1197826.2892092417,1198962.2877204844,1198376.9788444943
40,2021-02-10,1227748.6357793657,1228858.605855506,1228311.114499862
41,2021-02-11,1257615.7879748277,1258797.5967096905,1258241.1625726838
42,2021-02-12,1287583.4876621766,1288770.8600652695,1288174.599177705
43,2021-02-13,1317556.3857034887,1318678.1836926944,1318106.535008655
44,2021-02-14,1347421.2010840771,1348585.3718625673,1348036.7202186459
45,2021-02-15,1377405.6915830877,1378487.530056156,1377967.6175766392
46,2021-02-16,1407343.6104346826,1408456.1499172067,1407897.6577308117
47,2021-02-17,1437281.8167184396,1438378.806129487,1437832.238608173
48,2021-02-18,1467245.9900726993,1468411.0894615673,1467848.790650587
49,2021-02-19,1497269.6410270669,1498421.045813693,1497869.294548104
50,2021-02-20,1527322.3437822594,1528475.182373002,1527888.0451366133
51,2021-02-21,1557334.3958811844,1558459.6525169488,1557904.7702039597
52,2021-02-22,1587356.015778954,1588472.3987595486,1587922.3253431818
53,2021-02-23,1617398.1562108477,1618497.1803708836,1617938.89968478
54,2021-02-24,1647384.8755688558,1648497.6755822927,1647960.6875859457
55,2021-02-25,1677427.765126407,1678515.247871817,1677976.982264731
56,2021-02-26,1707452.001933237,1708568.2112219408,1707997.7934998595
57,2021-02-27,1737412.785632095,1738607.9920258408,1738016.5982190575
58,2021-02-28,1767481.816427617,1768604.9070216217,1768033.1021311975
59,2021-03-01,1797483.2577554323,1798575.9784797812,1798050.554319325
60,2021-03-02,1827488.100846486,1828622.8730976158,1828066.9021500233
61,2021-03-03,1857528.2517177023,1858639.5357223402,1858089.1365637186
62,2021-03-04,1887553.1528001486,1888681.5883304088,1888105.1738788753
63,2021-03-05,1917567.9407637285,1918698.6152846066,1918126.2924516145
64,2021-03-06,1947581.1322762598,1948703.7923912213,1948145.1513015013
65,2021-03-07,1977639.5840492735,1978732.3635724771,1978161.4340584357
66,2021-03-08,2007625.5467902832,2008719.4366159127,2008178.783295468
67,2021-03-09,2037628.3356957152,2038795.3535397751,2038194.9046152667
68,2021-03-10,2067646.2096715579,2068745.1337369548,2068217.585541491
69,2021-03-11,2097650.180087738,2098775.678738514,2098233.3654930196
70,2021-03-12,2127734.5469707926,2128840.727393599,2128254.7914033704
71,2021-03-13,2157666.759450745,2158786.934467532,2158242.386374546
72,2021-03-14,2187692.9811040126,2188784.1842411477,2188227.1300327983
73,2021-03-15,2217670.22254963,2218790.28850868,2218213.0583883314
74,2021-03-16,2247610.9388475274,2248716.017005576,2248197.6353711756
75,2021-03-17,2277636.349102928,2278763.692879117,2278189.4445498497
76,2021-03-18,2307623.22381615,2308726.26068143,2308173.649374015
77,2021-03-19,2337619.1305629723,2338712.7465667175,2338164.0643458087
78,2021-03-20,2367596.8209162867,2368704.790206355,2368151.7133911997
79,2021-03-21,2397591.3260568217,2398656.209888621,2398136.2361249747
80,2021-03-22,2427590.9370428864,2428644.0483505107,2428122.061636821
81,2021-03-23,2457570.4627095456,2458681.295327663,2458106.412345084
82,2021-03-24,2487557.4777419246,2488625.3591653784,2488098.667570443
83,2021-03-25,2517527.65094333,2518652.671053363,2518082.615299486
84,2021-03-26,2547525.5906261625,2548655.5872174487,2548073.3372882474
85,2021-03-27,2577501.5492531545,2578630.322164056,2578061.0404078523
86,2021-03-28,2607515.988422338,2608593.388031071,2608045.3422171515
87,2021-03-29,2637518.303404346,2638609.094144798,2638031.0648853113
88,2021-03-30,2667484.1076031267,2668593.002520643,2668015.1893189917
89,2021-03-31,2697436.9782648566,2698535.9523113626,2698007.890591036
90,2021-04-01,2727409.3633976076,2728560.0684079095,2727991.5812249565
91,2021-04-02,2757454.471813647,2758536.8184504546,2757982.610230685
92,2021-04-03,2787439.234344807,2788516.1360783726,2787970.3674245053
93,2021-04-04,2817336.670320368,2818473.759002242,2817954.448309328
94,2021-04-05,2847416.051668743,2848488.777779634,2847952.6578580374
95,2021-04-06,2877379.9334603953,2878518.136259869,2877949.145714231
96,2021-04-07,2907392.170401854,2908528.443405391,2907954.8828238836
97,2021-04-08,2937394.2109580827,2938528.204948547,2937950.9060384207
98,2021-04-09,2967366.54708527,2968522.1537186415,2967954.831875185
99,2021-04-10,2997404.3311464754,2998501.9805330513,2997955.232903091
100,2021-04-11,3027393.0952897794,3028462.4366812846,3027951.68251434
101,2021-04-12,3057350.292871814,3058533.312829368,3057949.7891761856
102,2021-04-13,3087351.294974092,3088562.9742178745,3087946.0506627983
103,2021-04-14,3117385.532735182,3118532.109950868,3117952.234006403
104,2021-04-15,3147369.1048155446,3148540.5657340973,3147948.0000178795
105,2021-04-16,3177394.377621131,3178504.1726278504,3177952.23300051
106,2021-04-17,3207387.4020863962,3208516.1470007566,3207952.688125332
107,2021-04-18,3237394.180436063,3238523.464638235,3237948.916719353
108,2021-04-19,3267421.4305157107,3268521.549451421,3267946.920494334
109,2021-04-20,3297394.896518809,3298503.1148635587,3297942.955611365
110,2021-04-21,3327366.4444898907,3328543.5382928983,3327949.5851889225
111,2021-04-22,3357397.118315174,3358517.12782745,3357945.0939973383
112,2021-04-23,3387385.2326829154,3388534.853840842,3387949.6341258343
113,2021-04-24,3417377.9511116985,3418517.400303561,3417950.143347574
114,2021-04-25,3447398.5130366087,3448494.8097817334,3447946.150924364
115,2021-04-26,3477373.9924372127,3478526.5674310275,3477944.051812482
116,2021-04-27,3507380.721855204,3508506.771291802,3507939.8605599324
117,2021-04-28,3537381.7791020554,3538481.8365376154,3537946.936371443
118,2021-04-29,3567365.2483467297,3568488.5884532696,3567933.5538813984
119,2021-04-30,3597336.8989211796,3598484.656359684,3597929.767035101
120,2021-05-01,3627356.917905384,3628480.565707079,3627921.696239057
121,2021-05-02,3657326.2317138435,3658444.701478562,3657908.8487247154
122,2021-05-03,3687335.0393546964,3688468.702551253,3687898.0126459533
123,2021-05-04,3717358.536016449,3718464.402887162,3717884.960982731
124,2021-05-05,3747325.573447979,3748427.463775367,3747883.8488121373
125,2021-05-06,3777312.715906742,3778386.6701699626,3777870.2091930564
126,2021-05-07,3807312.703192837,3808435.118008212,3807866.729404226
127,2021-05-08,3837287.709949042,3838432.7118572313,3837858.712689529
128,2021-05-09,3867248.093224172,3868437.1865334827,3867845.6442215675
129,2021-05-10,3897225.771964089,3898357.6692809286,3897834.7052855543
130,2021-05-11,3927260.2882596934,3928390.0808532117,3927821.4273179015
131,2021-05-12,3957265.762287748,3958371.8594517754,3957820.761252831
132,2021-05-13,3987198.7923916164,3988367.391769579,3987806.864504714
133,2021-05-14,4017226.625368613,4018373.017673929,4017803.6917733504
134,2021-05-15,4047260.2686705487,4048382.934687369,4047795.729140001
135,2021-05-16,4077239.428001992,4078377.4565695273,4077782.439718421
136,2021-05-17,4107207.1346388767,4108324.144003869,4107771.3979251543
137,2021-05-18,4137210.2653195118,4138276.4745423095,4137757.8936530715
138,2021-05-19,4167238.9210664816,4168326.2607808337,4167757.6736935247
139,2021-05-20,4197166.575740767,4198288.159306207,4197743.519816372
140,2021-05-21,4227143.78346819,4228304.956603987,4227740.654142476
141,2021-05-22,4257206.863570908,4258286.294801314,4257751.418285223
142,2021-05-23,4287198.06623166,4288305.248471254,4287756.58056547
143,2021-05-24,4317224.156839143,4318337.052360936,4317764.108562602
144,2021-05-25,4347193.752412928,4348294.896950646,4347769.050571525
145,2021-05-26,4377222.096176359,4378361.085103599,4377787.949561714
146,2021-05-27,4407215.057543641,4408357.70688511,4407792.211103804
147,2021-05-28,4437290.969676221,4438352.331724874,4437808.325341179
148,2021-05-29,4467320.447286826,4468435.319936893,4467819.143598947
149,2021-05-30,4497277.7242663475,4498390.409292817,4497824.084788005
150,2021-05-31,4527267.606527991,4528410.779914996,4527831.509863846
151,2021-06-01,4557274.392876572,4558394.903472069,4557836.225427438
152,2021-06-02,4587332.276264881,4588476.436245054,4587855.570800901
153,2021-06-03,4617297.902719901,4618428.319133499,4617859.575053863
154,2021-06-04,4647346.073112804,4648408.968273321,4647875.996539883
155,2021-06-05,4677312.699838727,4678484.878105337,4677886.868912669
156,2021-06-06,4707365.021963083,4708473.386558868,4707891.589010542
157,2021-06-07,4737327.621816466,4738452.98853957,4737898.91116509
158,2021-06-08,4767366.144366491,4768447.791370144,4767903.4002833525
159,2021-06-09,4797390.9335690625,4798455.264416016,4797923.19204009
160,2021-06-10,4827371.418187241,4828501.892941534,4827926.939003925
161,2021-06-11,4857368.192753092,4858479.9288351815,4857943.667738588
162,2021-06-12,4887425.90493785,4888452.6360673625,4887954.594226392
163,2021-06-13,4917366.99844402,4918520.395973577,4917959.093233079
164,2021-06-14,4947432.109442772,4948577.248998529,4947993.304007001
165,2021-06-15,4977475.485070695,4978588.784654499,4978024.558162409
166,2021-06-16,5007509.721481951,5008633.3238306185,5008071.787986059
167,2021-06-17,5037548.685658607,5038689.204619125,5038102.269097456
168,2021-06-18,5067554.244464456,5068707.645857514,5068146.296814023
169,2021-06-19,5097613.084256915,5098752.165388895,5098184.269033912
170,2021-06-20,5127672.461357283,5128794.958858168,5128215.538332855
171,2021-06-21,5157657.695035945,5158791.384664372,5158249.646092914
172,2021-06-22,5187749.437390233,5188835.21604696,5188280.673599322
173,2021-06-23,5217777.3854873385,5218869.987953309,5218328.350207735
174,2021-06-24,5247746.955029052,5248903.194841466,5248358.573798592
175,2021-06-25,5277844.144216272,5278986.344601077,5278402.909040151
176,2021-06-26,5307855.794421829,5308982.302048929,5308440.935423731
177,2021-06-27,5337915.972660836,5339020.518971145,5338471.983432633
178,2021-06-28,5367956.069175285,5369031.887989306,5368505.988178828
179,2021-06-29,5397973.560482637,5399118.327839986,5398536.789036235
180,2021-06-30,5427988.117588218,5429116.74366435,5428584.91242941
181,2021-07-01,5458033.777117537,5459167.719410818,5458614.878499728
182,2021-07-02,5488133.617953647,5489231.362979977,5488659.521266277
183,2021-07-03,5518187.63232575,5519263.739979889,5518697.601813551
184,2021-07-04,5548187.484199375,5549302.601132543,5548728.428532409
185,2021-07-05,5578188.450817524,5579293.667811654,5578762.330264742
186,2021-07-06,5608213.918851086,5609368.292599955,5608792.904473147
187,2021-07-07,5638276.744039375,5639374.553418812,5638841.474651088
188,2021-07-08,5668297.644739698,5669412.097977365,5668861.775828916
189,2021-07-09,5698294.137293769,5699417.184855135,5698897.318720991
190,2021-07-10,5728348.211332863,5729472.374292522,5728926.046038977
191,2021-07-11,5758385.864834094,5759478.243853396,5758947.244119267
192,2021-07-12,5788411.90421339,5789541.58133852,5788971.635482552
193,2021-07-13,5818426.7924999455,5819513.401020771,5818992.57572918
194,2021-07-14,5848515.8207568675,5849607.893316963,5849032.18518847
195,2021-07-15,5878485.590789873,5879621.334072399,5879052.228926414
196,2021-07-16,5908541.965759616,5909661.450298774,5909088.0792471655
197,2021-07-17,5938553.499602893,5939646.870737317,5939116.860711879
198,2021-07-18,5968557.540233938,5969667.275857834,5969137.837571432
199,2021-07-19,5998573.268808436,5999748.561101016,5999162.125953118
200,2021-07-20,6028595.429453849,6029738.166086959,6029182.839621732
201,2021-07-21,6058665.359105557,6059779.18056999,6059222.895725855
202,2021-07-22,6088658.582215697,6089818.81471409,6089242.682023911
203,2021-07-23,6118751.4358861735,6119814.892981246,6119278.839773338
204,2021-07-24,6148729.557975126,6149809.505590317,6149307.675384781
205,2021-07-25,6178788.200335712,6179895.65031878,6179328.4310236
206,2021-07-26,6208804.161563023,6209901.468566251,6209352.616423687
207,2021-07-27,6238812.568466392,6239938.613637851,6239373.103514284
208,2021-07-28,6268815.864742894,6269991.503897691,6269413.606263239
209,2021-07-29,6298868.714466681,6299963.668573275,6299433.13512141
210,2021-07-30,6328936.965691286,6330005.396305754,6329469.600299514
211,2021-07-31,6358896.407013209,6360074.135290676,6359494.340286264
212,2021-08-01,6388985.160472152,6390139.4174489435,6389510.724941665
213,2021-08-02,6419006.715855635,6420128.691823868,6419530.657599201
214,2021-08-03,6448980.263653743,6450088.124433522,6449546.76836466
215,2021-08-04,6479011.435285442,6480159.73161288,6479583.567953813
216,2021-08-05,6509011.067105979,6510133.4702028,6509598.68963323
217,2021-08-06,6539097.533149514,6540218.432566381,6539631.312433245
218,2021-08-07,6569102.764584913,6570237.35632396,6569656.106559242
219,2021-08-08,6599110.706248464,6600268.963512471,6599672.270024479
220,2021-08-09,6629118.359843257,6630265.114414107,6629692.099714647
221,2021-08-10,6659158.70889872,6660273.24794865,6659707.983933403
222,2021-08-11,6689175.600645463,6690312.519618114,6689745.230105661
223,2021-08-12,6719195.525875171,6720305.485631525,6719760.094380774
224,2021-08-13,6749258.614662095,6750369.38790894,6749793.024566975
225,2021-08-14,6779256.044559854,6780370.442293342,6779817.872832217
226,2021-08-15,6809263.083752277,6810429.863117231,6809833.815107292
227,2021-08-16,6839299.977762546,6840391.428872605,6839853.541830093
228,2021-08-17,6869298.503888159,6870466.31513345,6869869.199502148
229,2021-08-18,6899376.444498027,6900489.723434984,6899906.89225751
230,2021-08-19,6929355.613722499,6930515.787211784,6929921.499128315
231,2021-08-20,6959380.253577428,6960473.528424563,6959954.736700706
232,2021-08-21,6989410.824750336,6990527.736578798,6989979.639105192
233,2021-08-22,7019418.585300601,7020600.098479215,7019995.360190106
234,2021-08-23,7049441.675643719,7050527.241478315,7049987.963958574
235,2021-08-24,7079366.733349868,7080535.566739603,7079976.375155216
236,2021-08-25,7109416.193768536,7110541.3188989675,7109987.4943635985
237,2021-08-26,7139372.623498503,7140506.318844997,7139974.823947216
238,2021-08-27,7169428.369902987,7170559.87522157,7169981.348726039
239,2021-08-28,7199415.472604041,7200597.42955845,7199979.285206325
240,2021-08-29,7229445.16975456,7230505.7211692985,7229967.765271503
241,2021-08-30,7259370.399029674,7260560.0298309745,7259960.266165273
242,2021-08-31,7289365.636806986,7290490.10301363,7289948.451019098
243,2021-09-01,7319380.161433873,7320538.83751198,7319960.016408672
244,2021-09-02,7349381.765366203,7350489.36053016,7349947.088819639
245,2021-09-03,7379416.550081566,7380482.674981505,7379953.920708012
246,2021-09-04,7409385.773879594,7410532.179375075,7409951.911278821
247,2021-09-05,7439343.114113511,7440537.395423916,7439940.170352899
248,2021-09-06,7469343.610005143,7470497.332834343,7469932.568371969
249,2021-09-07,7499350.851100654,7500476.939903152,7499920.526882979
250,2021-09-08,7529326.8043196015,7530501.044767153,7529932.538453746
251,2021-09-09,7559359.684410394,7560490.437276904,7559919.353692062
252,2021-09-10,7589371.586561489,7590472.950076235,7589926.492689985
253,2021-09-11,7619364.888246193,7620477.735790904,7619924.537351313
254,2021-09-12,7649357.339244363,7650465.294914593,7649912.575434295
255,2021-09-13,7679319.76465356,7680433.699662095,7679904.870578667
256,2021-09-14,7709328.378806783,7710473.074600062,7709892.602746859
257,2021-09-15,7739352.599138299,7740455.774956403,7739905.060498818
258,2021-09-16,7769325.8627854595,7770415.31575559,7769855.263482582
259,2021-09-17,7799288.369368799,7800390.868263425,7799826.3544018045
260,2021-09-18,7829222.377926689,7830341.425393082,7829788.097990481
261,2021-09-19,7859118.75694581,7860306.316450904,7859739.560090973
262,2021-09-20,7889082.469744684,7890234.307453152,7889695.397343528
263,2021-09-21,7919091.219699973,7920208.828523472,7919646.548315673
264,2021-09-22,7949078.156810747,7950264.61380304,7949623.096658878
265,2021-09-23,7978980.292741349,7980097.755048241,7979573.042781685
266,2021-09-24,8008982.859284688,8010121.019264813,8009544.44043824
267,2021-09-25,8038983.062978746,8040065.707826492,8039506.238051879
268,2021-09-26,8068912.603082772,8070055.3035519635,8069457.4794291165
269,2021-09-27,8098878.445229385,8099966.932573729,8099413.213931656
270,2021-09-28,8128831.241690616,8129980.587364126,8129364.138835311
271,2021-09-29,8158735.218588814,8159896.747974164,8159341.132818937
272,2021-09-30,8188734.365470703,8189838.177446527,8189290.822080787
273,2021-10-01,8218693.770616987,8219814.183044719,8219262.526474676
274,2021-10-02,8248640.371213017,8249837.538517661,8249224.378113279
275,2021-10-03,8278602.632314849,8279732.013512392,8279175.39876726
276,2021-10-04,8308554.718958356,8309684.282535712,8309131.030519782
277,2021-10-05,8338515.232656208,8339645.699123963,8339081.72935495
278,2021-10-06,8368455.918660837,8369626.063090476,8369059.168978999
279,2021-10-07,8398475.149544109,8399567.095562994,8399008.601379888
280,2021-10-08,8428423.458506156,8429554.437435506,8428980.612511113
281,2021-10-09,8458404.982782507,8459551.951810734,8459010.580625854
282,2021-10-10,8488432.014680333,8489626.35275586,8489029.442864487
283,2021-10-11,8518491.45503445,8519625.256548371,8519053.034146495
284,2021-10-12,8548488.240049701,8549635.118036257,8549071.568965895
285,2021-10-13,8578548.826444302,8579704.138096731,8579117.517226337
286,2021-10-14,8608567.796146773,8609682.47938412,8609134.754683552
287,2021-10-15,8638618.585339393,8639726.873426484,8639175.135583047
288,2021-10-16,8668645.103231695,8669758.452846337,8669205.157845486
289,2021-10-17,8698662.254975265,8699805.558899008,8699223.798859425
290,2021-10-18,8728664.351414574,8729778.753440084,8729247.287157988
291,2021-10-19,8758739.692932649,8759832.676952582,8759265.595395317
292,2021-10-20,8788778.439306641,8789872.97289034,8789311.990308588
293,2021-10-21,8818714.684472805,8819906.761040393,8819328.970321307
294,2021-10-22,8848792.445120737,8849926.45322475,8849369.658654982
295,2021-10-23,8878850.844391828,8879983.143621467,8879399.735065121
296,2021-10-24,8908834.393054908,8909980.930800552,8909418.154854361
297,2021-10-25,8938895.611000607,8940045.09881438,8939441.540169485
298,2021-10-26,8968895.731567405,8970052.057495097,8969459.62182474
299,2021-10-27,8998980.780046744,9000071.129311178,8999506.463390836
300,2021-10-28,9028949.493088344,9030049.88628271,9029523.185959063
301,2021-10-29,9058990.979567282,9060122.52703508,9059564.18172692
302,2021-10-30,9089035.504867762,9090169.320107644,9089594.312284753
303,2021-10-31,9119068.787849866,9120176.023367701,9119612.5108493
304,2021-11-01,9149137.062079163,9150247.62565252,9149682.30903428
305,2021-11-02,9179181.481739912,9180290.056430351,9179746.679860482
306,2021-11-03,9209255.897816554,9210370.109124431,9209840.484179094
307,2021-11-04,9239342.96889948,9240472.328450708,9239903.464976938
308,2021-11-05,9269434.975545572,9270536.404058537,9269991.284364179
309,2021-11-06,9299517.139328666,9300646.423367392,9300067.985054672
310,2021-11-07,9329563.53796521,9330708.564264845,9330132.477976874
311,2021-11-08,9359647.185104676,9360753.412781373,9360202.173018878
312,2021-11-09,9389705.563793054,9390834.673421254,9390266.31691201
313,2021-11-10,9419826.853153173,9420932.411706049,9420360.568575358
314,2021-11-11,9449852.87769884,9450994.500326049,9450423.291529903
315,2021-11-12,9479917.433026029,9481051.52823493,9480511.418827567
316,2021-11-13,9509942.784426518,9511172.594552385,9510588.173749635
317,2021-11-14,9540125.45787238,9541244.183699008,9540652.445104443
318,2021-11-15,9570148.67612678,9571284.574953277,9570722.037003474
319,2021-11-16,9600180.374979997,9601327.165554069,9600785.953963539
320,2021-11-17,9630318.712730797,9631456.046411816,9630880.652971622
321,2021-11-18,9660407.233909765,9661581.411373947,9660943.118082866
322,2021-11-19,9690483.402601166,9691590.21531516,9691031.553290954
323,2021-11-20,9720506.437364062,9721667.513493614,9721108.362444598
324,2021-11-21,9750603.292283572,9751701.234032964,9751172.412232013
325,2021-11-22,9780697.309511248,9781791.101518048,9781241.900988072
326,2021-11-23,9810783.737700574,9811860.193765804,9811305.591015065
327,2021-11-24,9840709.565980991,9841839.18792534,9841279.477916451
328,2021-11-25,9870658.396469263,9871788.253001109,9871220.426029993
329,2021-11-26,9900683.855899138,9901777.228424227,9901187.90931352
330,2021-11-27,9930550.582071172,9931682.940558108,9931143.51309352
331,2021-11-28,9960517.005900249,9961634.485378247,9961086.082440142
332,2021-11-29,9990495.287448047,9991571.00889979,9991034.2090258
333,2021-11-30,10020407.882061174,10021562.08038862,10020976.413710242
334,2021-12-01,10050375.175161283,10051508.57809141,10050950.74615267
335,2021-12-02,10080343.014881345,10081451.085646061,10080891.437462537
336,2021-12-03,10110261.700950796,10111435.864741376,10110859.227414994
337,2021-12-04,10140257.532891996,10141348.753562443,10140814.88520791
338,2021-12-05,10170229.851333726,10171331.16390167,10170757.233880496
339,2021-12-06,10200158.588638203,10201298.25939112,10200705.257739052
340,2021-12-07,10230042.380701805,10231185.900510095,10230647.23640542
341,2021-12-08,10260074.773932287,10261143.412471818,10260622.014388893
342,2021-12-09,10290001.276346123,10291148.415765306,10290562.448895078
343,2021-12-10,10319943.157097029,10321120.248993587,10320530.545516467
344,2021-12-11,10349912.581087094,10351009.808549775,10350486.257322298
345,2021-12-12,10379835.392670255,10381036.932292078,10380428.385320852
346,2021-12-13,10409784.472180156,10410930.981361832,10410376.306452306
347,2021-12-14,10439803.550590059,10440879.07379567,10440318.059100596
348,2021-12-15,10469723.019796928,10470872.829865918,10470293.282625109
349,2021-12-16,10499696.489803547,10500774.066350529,10500233.460327623
350,2021-12-17,10529618.370449632,10530771.849555928,10530201.863617942
351,2021-12-18,10559704.389590645,10560796.120986726,10560247.62290519
352,2021-12-19,10589683.987262985,10590827.146689247,10590279.523508776
353,2021-12-20,10619752.26087576,10620917.177875282,10620317.335154638
354,2021-12-21,10649817.731473109,10650919.319189077,10650348.854726506
355,2021-12-22,10679820.800649447,10680967.283419779,10680414.517980905
356,2021-12-23,10709860.146668172,10710990.931216959,10710444.431642313
357,2021-12-24,10739933.805294244,10741062.70649393,10740503.135836635
358,2021-12-25,10769982.345326217,10771113.919740604,10770548.949299078
359,2021-12-26,10800016.894021641,10801130.293131141,10800580.628565619
360,2021-12-27,10830063.723488951,10831164.735483078,10830618.337175736
361,2021-12-28,10860091.188294617,10861203.561268374,10860649.630050462
362,2021-12-29,10890137.188902142,10891210.771512331,10890715.740184525
363,2021-12-30,10920169.187988037,10921310.512788977,10920745.396270696
364,2021-12-31,10950197.687682366,10951378.306547355,10950804.40805533
365,2022-01-01,10980258.028480839,10981419.35019383,10980850.275692966
366,2022-01-02,11010359.781782271,11011436.468606798,11010881.733622463
367,2022-01-03,11040326.610059159,11041489.520245709,11040919.339196837
368,2022-01-04,11070334.515184704,11071486.969378166,11070950.405374419
369,2022-01-05,11100471.278017206,11101539.613537889,11101016.962388143
370,2022-01-06,11130442.443341607,11131577.781279448,11131046.360899074
371,2022-01-07,11160537.29141788,11161661.859273164,11161105.680274023
372,2022-01-08,11190572.76190616,11191730.2773478,11191151.602086859
373,2022-01-09,11220586.159696018,11221750.093790399,11221182.838679304
374,2022-01-10,11250589.692337206,11251776.867239341,11251183.098196583
375,2022-01-11,11280602.30401562,11281804.381493242,11281176.694735967
376,2022-01-12,11310640.468628375,11311757.601186937,11311206.455410726
377,2022-01-13,11340643.623929208,11341746.98464344,11341198.353468535
378,2022-01-14,11370689.312540844,11371806.272172054,11371220.737146702
379,2022-01-15,11400671.517418679,11401724.654111749,11401229.470007967
380,2022-01-16,11430638.27239335,11431768.891010044,11431223.242458956
381,2022-01-17,11460658.685050728,11461737.165257344,11461223.399068218
382,2022-01-18,11490667.722535264,11491754.645218603,11491216.769191487
383,2022-01-19,11520680.685476819,11521777.6522047,11521246.976191934
384,2022-01-20,11550664.985568888,11551747.315222183,11551238.616993807
385,2022-01-21,11580722.105535958,11581800.41653182,11581261.30788098
386,2022-01-22,11610688.547984906,11611824.81836762,11611270.094850283
387,2022-01-23,11640695.00833225,11641786.459744561,11641263.646238608
388,2022-01-24,11670699.496422172,11671832.974680647,11671263.699939856
389,2022-01-25,11700696.3925191,11701781.730867699,11701256.843647007
390,2022-01-26,11730743.287551982,11731829.977032283,11731287.496973142
391,2022-01-27,11760751.187914327,11761841.927648826,11761278.880519077
392,2022-01-28,11790754.34590046,11791817.105694436,11791301.87861526
393,2022-01-29,11820760.376040203,11821881.454639332,11821310.7196926
394,2022-01-30,11850721.199444406,11851840.385928342,11851304.050018258
395,2022-01-31,11880776.178787673,11881856.862191366,11881304.000811493
396,2022-02-01,11910703.016679728,11911865.718543753,11911296.918102525
397,2022-02-02,11940796.601850502,11941925.465730539,11941351.943488128
398,2022-02-03,11970836.50643959,11971944.293890448,11971366.995453296
399,2022-02-04,12000825.898386708,12001985.871136429,12001414.226567935
400,2022-02-05,12030909.059054555,12031957.301154738,12031447.047517437
401,2022-02-06,12060911.235751847,12061996.836773576,12061464.082400156
402,2022-02-07,12090925.600859966,12092019.532314701,12091487.85593549
403,2022-02-08,12120966.437123505,12122082.07020294,12121504.472338596
404,2022-02-09,12150986.523948163,12152117.219909454,12151559.944405768
405,2022-02-10,12181025.647071494,12182199.587821413,12181574.738909878
406,2022-02-11,12211066.49862432,12212188.27808385,12211622.277478484
407,2022-02-12,12241094.53279642,12242244.405273117,12241655.152579164
408,2022-02-13,12271110.364855219,12272248.23118476,12271671.966222951
409,2022-02-14,12301132.031461969,12302279.989983328,12301695.636768214
410,2022-02-15,12331126.042365802,12332331.793507406,12331712.026574668
411,2022-02-16,12361207.565746738,12362334.453769578,12361767.94532341
412,2022-02-17,12391199.336198531,12392364.377656322,12391782.482366458
413,2022-02-18,12421263.288779404,12422413.011052206,12421830.32838903
414,2022-02-19,12451327.187802749,12452417.942547187,12451863.257640893
415,2022-02-20,12481278.01132225,12482439.773204444,12481879.850045748
416,2022-02-21,12511345.760488715,12512518.474234227,12511903.417600937
417,2022-02-22,12541324.28227511,12542490.055653417,12541919.580810735
418,2022-02-23,12571397.655031545,12572528.580750836,12571975.946241057
419,2022-02-24,12601419.245295558,12602526.144427456,12601990.225823037
420,2022-02-25,12631525.20103636,12632609.638244439,12632038.379299577
421,2022-02-26,12661498.75041218,12662640.619369024,12662048.72788618
422,2022-02-27,12691466.18162052,12692584.864576297,12692042.464283304
423,2022-02-28,12721494.30681596,12722610.690522337,12722043.294089075
424,2022-03-01,12751459.306478385,12752589.532366738,12752036.596018288
425,2022-03-02,12781495.974795446,12782622.188018382,12782070.773132563
426,2022-03-03,12811505.889950352,12812646.501624698,12812062.16061459
427,2022-03-04,12841499.860963142,12842686.238766965,12842087.986535843
428,2022-03-05,12871520.26670884,12872684.076598221,12872098.389232814
429,2022-03-06,12901505.467572292,12902652.540979257,12902091.904557763
430,2022-03-07,12931526.047073964,12932627.547278706,12932092.631451093
431,2022-03-08,12961525.561154585,12962679.607435286,12962085.706954451
432,2022-03-09,12991539.286549876,12992699.920748675,12992120.330413608
433,2022-03-10,13021526.853033403,13022676.052722877,13022111.460628638
434,2022-03-11,13051542.974278055,13052682.059146773,13052137.593772115
435,2022-03-12,13081591.605755305,13082701.581891278,13082148.050579447
436,2022-03-13,13111594.649839021,13112681.959978104,13112141.344832225
437,2022-03-14,13141541.751630368,13142689.791487737,13142141.96881311
438,2022-03-15,13171539.730229242,13172743.991578706,13172134.81789061
439,2022-03-16,13201576.245590808,13202743.45960578,13202169.88769466
440,2022-03-17,13231593.495640254,13232694.038328115,13232160.760642683
441,2022-03-18,13261626.770512393,13262760.721500581,13262187.201008383
442,2022-03-19,13291647.929251704,13292795.064159794,13292197.711926084
443,2022-03-20,13321598.50784727,13322736.757239614,13322190.785106683
444,2022-03-21,13351572.601603307,13352664.436272271,13352113.642678056
445,2022-03-22,13381463.239851605,13382587.519768614,13382028.602000061
446,2022-03-23,13411434.74586279,13412557.56635054,13411986.454240551
447,2022-03-24,13441330.950128099,13442482.957839796,13441899.406723676
448,2022-03-25,13471274.755879866,13472376.010914162,13471848.490260378
449,2022-03-26,13501196.98102969,13502326.807982545,13501781.391571546
450,2022-03-27,13531085.558233865,13532263.511161307,13531696.580635281
451,2022-03-28,13561052.054360172,13562189.117825028,13561619.33556057
452,2022-03-29,13590991.934281252,13592066.18835117,13591534.069042748
453,2022-03-30,13620931.255796414,13622051.961162321,13621492.366472906
454,2022-03-31,13650825.024509767,13651975.255372595,13651405.062354881
455,2022-04-01,13680754.849164616,13681941.355453087,13681354.452318657
456,2022-04-02,13710731.058344327,13711894.150058322,13711287.407600148
457,2022-04-03,13740636.983242698,13741800.94999147,13741202.376163881
458,2022-04-04,13770562.874517541,13771702.12957205,13771125.02844308
459,2022-04-05,13800468.080451068,13801620.089203123,13801039.536085434
460,2022-04-06,13830451.822360592,13831609.524858447,13830998.278705262
461,2022-04-07,13860339.734409744,13861424.717057575,13860910.717986086
462,2022-04-08,13890308.02038414,13891402.478923311,13890860.41437694
463,2022-04-09,13920214.28494448,13921353.148367034,13920793.423628746
464,2022-04-10,13950129.871286457,13951290.56698428,13950708.171692483
465,2022-04-11,13980087.381076194,13981217.300490404,13980630.721325593
466,2022-04-12,14009979.991102336,14011110.738643518,14010545.00312812
467,2022-04-13,14040057.49479913,14041201.758762201,14040596.555289268
468,2022-04-14,14070068.79324957,14071191.08150074,14070601.102094337
469,2022-04-15,14100099.30756195,14101154.282752885,14100643.469556075
470,2022-04-16,14130093.848277649,14131189.084615557,14130668.897246992
471,2022-04-17,14160155.99107504,14161256.705616985,14160675.788722077
472,2022-04-18,14190153.065626832,14191282.42756595,14190690.599737782
473,2022-04-19,14220155.535758894,14221293.983504318,14220697.019258466
474,2022-04-20,14250203.633149501,14251350.264726702,14250749.017983174
475,2022-04-21,14280206.781840658,14281341.709587641,14280753.307395201
476,2022-04-22,14310218.590037903,14311395.80572958,14310795.982229672
477,2022-04-23,14340216.51764943,14341336.484471269,14340821.464057466
478,2022-04-24,14370264.549928041,14371375.761188664,14370828.134352073
479,2022-04-25,14400254.512706023,14401371.61761912,14400842.842404917
480,2022-04-26,14430258.504983211,14431403.040076066,14430849.035388814
481,2022-04-27,14460370.296285432,14461434.110629866,14460901.480677078
482,2022-04-28,14490343.973909715,14491446.693953421,14490905.512696067
483,2022-04-29,14520383.657591244,14521525.745247578,14520948.494903272
484,2022-04-30,14550437.767387023,14551515.516771173,14550974.03086794
485,2022-05-01,14580409.079830581,14581517.48430247,14580980.479982065
486,2022-05-02,14610436.882585172,14611590.1117027,14610995.085072046
487,2022-05-03,14640465.131929327,14641575.50777727,14641001.051519163
488,2022-05-04,14670451.23623585,14671591.398222635,14671053.943370981
489,2022-05-05,14700559.104300756,14701646.36304156,14701057.71799693
490,2022-05-06,14730543.280808942,14731687.554300347,14731101.00757687
491,2022-05-07,14760507.190389527,14761623.01126153,14761082.86510916
492,2022-05-08,14790490.160437552,14791603.447466983,14791045.360565608
493,2022-05-09,14820466.55490247,14821567.829151457,14821016.130233785
494,2022-05-10,14850414.742012344,14851577.221037418,14850978.13783088
495,2022-05-11,14880412.550634298,14881550.937908357,14880987.743326956
496,2022-05-12,14910379.724745646,14911528.437745422,14910947.528333653
497,2022-05-13,14940404.9773667,14941507.72772999,14940947.392344559
498,2022-05-14,14970331.36985248,14971453.920137865,14970929.30393486
499,2022-05-15,15000343.592743794,15001448.88391508,15000891.57853302
500,2022-05-16,15030323.823721927,15031373.128143461,15030862.245388323
501,2022-05-17,15060279.787467582,15061382.161915304,15060824.026778629
502,2022-05-18,15090286.182074388,15091391.177873895,15090834.078187753
503,2022-05-19,15120245.764413618,15121336.768730773,15120793.606176356
504,2022-05-20,15150221.14875645,15151348.427498434,15150793.777112242
505,2022-05-21,15180175.522890335,15181297.46768819,15180775.742760561
506,2022-05-22,15210142.604861284,15211279.468016999,15210737.79650043
507,2022-05-23,15240102.651925627,15241301.233074935,15240708.360542862
508,2022-05-24,15270108.2346158,15271240.161666334,15270669.915726375
509,2022-05-25,15300099.407021832,15301247.764785541,15300680.41304855
510,2022-05-26,15330081.577371404,15331200.048894757,15330639.684019055
511,2022-05-27,15360103.213291025,15361181.092253566,15360640.161879929
512,2022-05-28,15390036.41321839,15391187.303932805,15390622.181586258
513,2022-05-29,15420054.595448542,15421184.737125343,15420584.014467843
514,2022-05-30,15449904.191542573,15451070.423246248,15450485.580087973
515,2022-05-31,15479792.692724343,15480933.426249446,15480378.01360381
516,2022-06-01,15509736.154352916,15510869.61526219,15510320.06086468
517,2022-06-02,15539625.515068518,15540775.221844755,15540210.179473065
518,2022-06-03,15569572.945476735,15570711.773893993,15570142.068157913
519,2022-06-04,15599483.15049287,15600571.749390943,15600055.246117828
520,2022-06-05,15629387.848488314,15630517.538232306,15629947.962933013
521,2022-06-06,15659272.287827794,15660395.844248813,15659849.425976554
522,2022-06-07,15689175.055175474,15690272.263823185,15689741.633805467
523,2022-06-08,15719124.146954551,15720249.713414222,15719684.12595459
524,2022-06-09,15748982.945850769,15750169.673978094,15749573.988135558
525,2022-06-10,15778940.44859593,15780094.713110868,15779506.183040015
526,2022-06-11,15808841.478017757,15809946.516921885,15809419.41493371
527,2022-06-12,15838699.315590795,15839866.251186425,15839311.911398182
528,2022-06-13,15868633.659754654,15869801.298781214,15869213.271865133
529,2022-06-14,15898508.821084503,15899629.135374648,15899105.254007125
530,2022-06-15,15928489.93434938,15929647.529931685,15929048.191044498
531,2022-06-16,15958392.387808843,15959509.716453,15958937.79679805
532,2022-06-17,15988316.265533851,15989442.534250302,15988870.297922116
533,2022-06-18,16018227.226929823,16019346.79068729,16018783.583749589
534,2022-06-19,16048079.233504727,16049237.84351752,16048675.85986335
535,2022-06-20,16078069.728300655,16079150.311984442,16078577.117753712
536,2022-06-21,16107879.795292484,16109050.628051786,16108468.874208787
537,2022-06-22,16137929.26344122,16139025.689975305,16138486.539496172
538,2022-06-23,16167873.873663845,16169022.092482027,16168450.172002103
539,2022-06-24,16197884.328623077,16199084.478713546,16198457.262942504
540,2022-06-25,16227912.825179806,16229019.729017256,16228444.886159724
541,2022-06-26,16257875.880972499,16258980.218387501,16258411.224930434
542,2022-06-27,16287834.061938103,16288938.101032205,16288386.663346222
543,2022-06-28,16317777.058238711,16318913.475028362,16318352.476837838
544,2022-06-29,16347746.67351362,16348980.937133009,16348370.588118413
545,2022-06-30,16377757.862992084,16378887.447348889,16378333.96356005
546,2022-07-01,16407792.741395127,16408862.510111598,16408341.361480603
547,2022-07-02,16437763.51850029,16438926.827567147,16438329.038765553
548,2022-07-03,16467732.262113588,16468878.312449057,16468295.15663828
549,2022-07-04,16497681.92196594,16498822.58828534,16498270.492222715
550,2022-07-05,16527675.163012236,16528813.619842956,16528236.079466885
551,2022-07-06,16557671.854511209,16558810.73345758,16558254.636740653
552,2022-07-07,16587675.801602094,16588819.239504872,16588217.755118005
553,2022-07-08,16617667.819601921,16618762.264717909,16618225.4600187
554,2022-07-09,16647620.621049145,16648794.191203037,16648213.19137138
555,2022-07-10,16677583.809487745,16678760.822787045,16678179.088346126
556,2022-07-11,16707601.217493538,16708662.259003485,16708154.321099209
557,2022-07-12,16737530.345474917,16738643.021185286,16738119.682095932
558,2022-07-13,16767631.206901515,16768698.519441092,16768138.68536289
559,2022-07-14,16797547.22215193,16798677.50009546,16798101.546675954
560,2022-07-15,16827541.772792242,16828703.925825767,16828109.5585568
561,2022-07-16,16857577.170965582,16858706.345432505,16858157.99355829
562,2022-07-17,16887581.22778532,16888732.64360747,16888184.319088474
563,2022-07-18,16917626.128133867,16918760.288573414,16918220.09843831
564,2022-07-19,16947678.511931777,16948825.095145427,16948245.882413615
565,2022-07-20,16977720.93754969,16978891.950917363,16978325.981740303
566,2022-07-21,17007770.998377353,17008919.489704903,17008349.235094417
567,2022-07-22,17037851.517076097,17038973.341151763,17038418.204053108
568,2022-07-23,17067907.531252988,17069010.421907797,17068466.693231698
569,2022-07-24,17097924.37602647,17099053.58357252,17098492.79741708
570,2022-07-25,17128002.490972802,17129106.11777777,17128528.47372755
571,2022-07-26,17158004.17879506,17159110.985960707,17158554.030997768
572,2022-07-27,17188073.695354838,17189205.7561382,17188634.57721979
573,2022-07-28,17218075.197777923,17219235.20635787,17218657.572989628
574,2022-07-29,17248158.814653326,17249269.849811167,17248726.84954942
575,2022-07-30,17278244.46398456,17279335.72903518,17278775.3929051
576,2022-07-31,17308265.62765603,17309379.621196073,17308801.27574567
577,2022-08-01,17338281.020047966,17339407.502332356,17338836.849016793
578,2022-08-02,17368360.577570383,17369468.29301471,17368862.179581918
579,2022-08-03,17398404.247386124,17399523.439149585,17398943.172699273
580,2022-08-04,17428407.313612096,17429535.808935855,17428965.910884842
581,2022-08-05,17458425.640207257,17459613.305982918,17459035.49504573
582,2022-08-06,17488546.609111745,17489653.900193036,17489084.092578508
583,2022-08-07,17518515.185266454,17519657.98101738,17519109.75407427
584,2022-08-08,17548573.12626438,17549659.19569599,17549098.090864707
585,2022-08-09,17578518.750601858,17579611.672989152,17579076.06138502
586,2022-08-10,17608587.5003371,17609712.128591914,17609110.367706716
587,2022-08-11,17638548.213931594,17639594.171351105,17639085.715048257
588,2022-08-12,17668518.591261,17669691.502102323,17669108.473032594
589,2022-08-13,17698560.364707697,17699686.185485594,17699109.991167728
590,2022-08-14,17728535.437399086,17729655.809462685,17729088.29815191
591,2022-08-15,17758527.31550097,17759613.525554832,17759076.532064635
592,2022-08-16,17788516.359345518,17789554.62896025,17789054.27623552
593,2022-08-17,17818561.45317378,17819683.10793564,17819089.02875145
594,2022-08-18,17848471.004070096,17849627.790193025,17849064.11891282
595,2022-08-19,17878540.48804502,17879641.490406122,17879087.18401569
596,2022-08-20,17908524.55508362,17909619.99464759,17909088.756242923
597,2022-08-21,17938502.5039872,17939621.454862155,17939066.842229545
598,2022-08-22,17968542.64121365,17969625.213049494,17969054.973264568
599,2022-08-23,17998498.405876268,17999617.412322782,17999032.491086014
600,2022-08-24,18028507.36123413,18029598.949669406,18029067.689796187
601,2022-08-25,18058470.978984494,18059632.71904421,18059042.522777386
602,2022-08-26,18088464.88183548,18089662.944518946,18089065.89499878
603,2022-08-27,18118533.07137276,18119609.884847708,18119067.52131812
604,2022-08-28,18148494.844499256,18149611.22929403,18149045.386307184
605,2022-08-29,18178469.865090538,18179569.741051264,18179033.4144645
606,2022-08-30,18208438.214789197,18209560.9760922,18209010.705936514
607,2022-08-31,18238479.573916703,18239582.6868061,18239046.35084092
608,2022-09-01,18268424.83355343,18269595.596492704,18269020.926641952
609,2022-09-02,18298486.50831929,18299640.840485994,18299044.605981875
610,2022-09-03,18328493.106041737,18329601.832678203,18329046.286393315
611,2022-09-04,18358457.254189417,18359584.027510952,18359023.93038482
612,2022-09-05,18388426.11324651,18389576.33425789,18389011.855664425
613,2022-09-06,18418419.610815458,18419559.43759244,18418988.92078701
614,2022-09-07,18448476.796377312,18449664.021490272,18449025.01188565
615,2022-09-08,18478434.455890745,18479565.399231516,18478999.330506515
616,2022-09-09,18508504.49619103,18509611.31373347,18509023.31696497
617,2022-09-10,18538494.631353743,18539572.572765574,18539025.05146851
618,2022-09-11,18568404.944441218,18569555.0275085,18569002.474462457
619,2022-09-12,18598403.60344145,18599526.650683325,18598990.296864357
620,2022-09-13,18628397.670254946,18629551.970267832,18628967.135637507
621,2022-09-14,18658444.985974662,18659571.030866176,18659003.67293039
622,2022-09-15,18688407.117694557,18689607.38187876,18688977.734371077
623,2022-09-16,18718398.17287895,18719554.73880158,18719002.027948063
624,2022-09-17,18748400.994438056,18749565.48659994,18749003.816543706
625,2022-09-18,18778437.29912825,18779544.931362253,18778981.018540096
626,2022-09-19,18808432.088869452,18809512.364533696,18808968.738064285
627,2022-09-20,18838371.208321374,18839520.484104864,18838945.350488003
628,2022-09-21,18868456.829206467,18869579.416114397,18868982.33397512
629,2022-09-22,18898431.812804304,18899532.345537715,18898956.13823564
630,2022-09-23,18928380.770665314,18929498.154114287,18928980.738931157
631,2022-09-24,18958426.7429447,18959508.496125232,18958982.5816189
632,2022-09-25,18988403.998861868,18989560.324281372,18988959.56261773
633,2022-09-26,19018415.68698462,19019489.26422085,19018947.17926422
634,2022-09-27,19048330.29528811,19049466.741471898,19048923.565338496
635,2022-09-28,19078378.975480087,19079508.422347315,19078960.995019853
636,2022-09-29,19108408.820556562,19109490.43177545,19108934.54210021
637,2022-09-30,19138399.36370672,19139530.373795986,19138959.449914247
638,2022-10-01,19168421.077697024,19169540.791322567,19168961.3466941
639,2022-10-02,19198356.748291273,19199499.51214703,19198938.106695373
640,2022-10-03,19228363.685944997,19229519.932551183,19228925.620464146
641,2022-10-04,19258366.188712023,19259453.098724768,19258901.780188996
642,2022-10-05,19288349.535382453,19289484.19029862,19288939.656064585
643,2022-10-06,19318336.78173723,19319477.09342048,19318912.945964772
644,2022-10-07,19348352.68549898,19349536.63638153,19348938.160897344
645,2022-10-08,19378386.299686685,19379486.264984377,19378940.111769293
646,2022-10-09,19408333.150626138,19409497.847957857,19408916.650773007
647,2022-10-10,19438356.635270953,19439486.13069562,19438904.06166408
648,2022-10-11,19468360.353642493,19469400.77020036,19468879.99503949
649,2022-10-12,19498338.113250215,19499478.514273006,19498918.317109324
650,2022-10-13,19528359.26854667,19529431.711103607,19528891.349829335
651,2022-10-14,19558357.68125279,19559459.58550836,19558916.871880434
652,2022-10-15,19588361.762681473,19589492.684712235,19588918.876844488
653,2022-10-16,19618354.201972675,19619507.182825316,19618895.194850642
654,2022-10-17,19648266.26719443,19649440.11291244,19648882.50286401
655,2022-10-18,19678313.422501054,19679455.016468752,19678858.20988999
656,2022-10-19,19708338.63576832,19709433.600997023,19708896.978154056
657,2022-10-20,19738306.57984123,19739424.739820458,19738869.7536939
658,2022-10-21,19768305.985300157,19769417.557598356,19768895.58286353
659,2022-10-22,19798294.180852395,19799454.5700039,19798897.641919684
660,2022-10-23,19828333.612988845,19829433.973599035,19828873.73892828
661,2022-10-24,19858273.61604227,19859411.596896306,19858860.94406394
662,2022-10-25,19888280.839742232,19889419.50467771,19888836.424740482
663,2022-10-26,19918311.996108904,19919427.950679958,19918875.639198788
664,2022-10-27,19948268.884465043,19949410.607383676,19948848.157558467
665,2022-10-28,19978318.57702396,19979453.321750563,19978874.293846622
666,2022-10-29,20008276.429557264,20009398.20565567,20008876.40699488
667,2022-10-30,20038274.58218791,20039402.213191207,20038852.28300592
668,2022-10-31,20068272.958301764,20069422.36316383,20068839.385263868
669,2022-11-01,20098212.13246754,20099404.754885435,20098814.63959098
670,2022-11-02,20128294.01962496,20129417.805656802,20128854.300243523
671,2022-11-03,20158279.77559073,20159362.477981728,20158826.56142303
672,2022-11-04,20188315.32650663,20189368.68927442,20188853.004829716
673,2022-11-05,20218299.304061785,20219410.46100727,20218855.17207007
674,2022-11-06,20248287.216028024,20249415.394678064,20248830.827083554
675,2022-11-07,20278212.305859957,20279411.10081636,20278817.826463796
676,2022-11-08,20308249.825100917,20309340.912888974,20308792.85444148
677,2022-11-09,20338281.79673834,20339409.94703788,20338832.96128826
678,2022-11-10,20368206.819858257,20369397.111172475,20368804.965287592
679,2022-11-11,20398248.25428687,20399397.021451745,20398831.71581281
680,2022-11-12,20428246.442919597,20429397.903116327,20428833.93714527
681,2022-11-13,20458242.784830067,20459356.700270537,20458809.371161193
682,2022-11-14,20488214.987347115,20489352.596338768,20488796.267663732
683,2022-11-15,20518214.14637691,20519340.286154848,20518771.06929197
684,2022-11-16,20548229.279061858,20549351.680964436,20548811.62233299
685,2022-11-17,20578251.067839608,20579411.825870585,20578783.36915216
686,2022-11-18,20608239.488165453,20609344.638040148,20608810.4267959
687,2022-11-19,20638221.00738509,20639376.95914385,20638812.70222047
688,2022-11-20,20668200.78838023,20669329.945312116,20668787.91523883
689,2022-11-21,20698251.94912311,20699356.35051817,20698774.708863657
690,2022-11-22,20728177.146335896,20729295.858622707,20728749.28414247
691,2022-11-23,20758208.827509105,20759389.97722646,20758790.283377722
692,2022-11-24,20788181.043288007,20789310.473536752,20788761.773016725
693,2022-11-25,20818233.82501465,20819340.546859883,20818789.137778997
694,2022-11-26,20848213.74064589,20849329.58916908,20848791.467295658
695,2022-11-27,20878219.318385962,20879324.12095497,20878766.45931647
696,2022-11-28,20908187.46052822,20909325.26527432,20908753.15006359
697,2022-11-29,20938142.85871455,20939262.54827099,20938727.49899297
698,2022-11-30,20968220.82113817,20969312.197510473,20968768.94442246
699,2022-12-01,20998200.240029193,20999337.699902084,20998740.176881287
700,2022-12-02,21028166.766046077,21029336.736323465,21028767.848762088
701,2022-12-03,21058247.28217961,21059330.7859979,21058770.232370857
702,2022-12-04,21088178.902853493,21089264.9202721,21088745.003394105
703,2022-12-05,21118189.192691762,21119283.726487577,21118731.591263518
704,2022-12-06,21148144.788668033,21149281.774522968,21148705.713843465
705,2022-12-07,21178167.513726935,21179299.134428773,21178747.605467193
706,2022-12-08,21208140.806783088,21209249.807571474,21208718.580745853
707,2022-12-09,21238194.217432357,21239298.27479198,21238746.55974518
708,2022-12-10,21268214.938058916,21269376.591950413,21268748.997446053
709,2022-12-11,21298170.24774726,21299331.907281592,21298723.54747174
710,2022-12-12,21328122.886516046,21329282.717170447,21328710.03246345
711,2022-12-13,21358133.40165589,21359265.2969807,21358683.928693958
712,2022-12-14,21388144.315979127,21389298.071146663,21388726.266511925
713,2022-12-15,21418131.88157783,21419257.842047073,21418696.984610416
714,2022-12-16,21448170.71312056,21449308.530082256,21448725.270728275
715,2022-12-17,21478170.985942073,21479313.032699108,21478727.76252125
716,2022-12-18,21508143.89194884,21509288.997275565,21508702.09154938
717,2022-12-19,21538138.438031565,21539289.859264527,21538688.47366338
718,2022-12-20,21568112.410318572,21569246.69992105,21568662.143544458
719,2022-12-21,21598079.147432297,21599280.304631807,21598704.92755666
720,2022-12-22,21628115.859205198,21629190.685465164,21628675.388474982
721,2022-12-23,21658143.5894076,21659292.48538735,21658703.98171137
722,2022-12-24,21688095.45453423,21689295.888057217,21688706.52759644
723,2022-12-25,21718175.774036065,21719217.944655117,21718680.635627016
724,2022-12-26,21748063.068788324,21749213.39212475,21748666.91486331
725,2022-12-27,21778063.162272014,21779183.181291427,21778640.358394954
726,2022-12-28,21808105.607371654,21809260.350132767,21808683.588601395
727,2022-12-29,21838123.55351241,21839179.279766876,21838653.792339545
728,2022-12-30,21868157.24453792,21869265.072693344,21868682.692694463
729,2022-12-31,21898134.16121766,21899276.69121408,21898685.292671643
730,2023-01-01,21928085.04912228,21929176.102574058,21928659.17970465
731,2023-01-02,21958058.81040365,21959249.89664885,21958645.35606324
732,2023-01-03,21988087.279764406,21989211.557486687,21988618.573245455
733,2023-01-04,22018123.839236055,22019251.69747621,22018662.249646127
734,2023-01-05,22048086.895866513,22049172.109907534,22048632.196204107
735,2023-01-06,22078080.24105265,22079173.80561816,22078661.403677557
736,2023-01-07,22108112.076852076,22109267.0271964,22108664.05774683
737,2023-01-08,22138054.8001969,22139211.854748983,22138637.723782293
738,2023-01-09,22168014.800815433,22169286.24769254,22168623.79726317
739,2023-01-10,22198022.94971407,22199221.1919336,22198596.788095944
740,2023-01-11,22228027.871547587,22229293.570379414,22228640.910690863
741,2023-01-12,22258004.76995917,22259260.32564372,22258610.600068673
742,2023-01-13,22288063.694866512,22289350.29738893,22288640.11466065
743,2023-01-14,22318014.828924224,22319335.37698869,22318642.82282203
744,2023-01-15,22347965.651452392,22349346.57699902,22348616.26785993
745,2023-01-16,22377928.40891197,22379405.797167577,22378602.238463096
746,2023-01-17,22407955.880406827,22409341.63850768,22408575.002946444
747,2023-01-18,22437919.451797616,22439408.76212087,22438619.5717356
748,2023-01-19,22467861.729222745,22469433.7113806,22468589.00393324
749,2023-01-20,22497956.22806537,22499394.92964045,22498618.82564374
750,2023-01-21,22527868.807568174,22529471.387065906,22528621.587897226
751,2023-01-22,22557801.607512098,22559545.83251417,22558594.811937567
752,2023-01-23,22587747.846173692,22589478.90777114,22588580.67966303
753,2023-01-24,22617716.949253935,22619521.19051348,22618553.217796944
754,2023-01-25,22647705.031719126,22649561.229138568,22648598.23278033
755,2023-01-26,22677712.705027554,22679657.146058038,22678567.407797802
756,2023-01-27,22707670.021534026,22709702.661029004,22708597.53662683
757,2023-01-28,22737629.036360998,22739758.418569323,22738600.352972418
758,2023-01-29,22767535.978575844,22769783.845128324,22768573.356015205
759,2023-01-30,22797442.93958032,22799869.356796965,22798559.12086296
760,2023-01-31,22827462.12337222,22829816.079956636,22828531.432647433
761,2023-02-01,22857411.186665654,22859949.862943612,22858576.89382506
762,2023-02-02,22887301.957454387,22889968.725251075,22888545.81166237
763,2023-02-03,22917285.38762282,22920058.936259408,22918576.24760993
764,2023-02-04,22947213.048249476,22950251.70690266,22948579.118047617
765,2023-02-05,22977099.649580494,22980177.727360792,22978551.90009284
766,2023-02-06,23006994.848967433,23010287.48321915,23008537.562062886
767,2023-02-07,23036844.97390001,23040424.749929156,23038509.64749793
768,2023-02-08,23066886.112577196,23070337.285037324,23068555.5548698
769,2023-02-09,23096748.960358262,23100514.784879547,23098524.21552693
770,2023-02-10,23126640.90958436,23130551.73117369,23128554.958593022
771,2023-02-11,23156543.208585165,23160709.568976343,23158557.88312281
772,2023-02-12,23186586.987208992,23190637.553281292,23188530.444170475
773,2023-02-13,23216455.223511424,23220848.611984055,23218516.003262825
774,2023-02-14,23246284.743736543,23250906.44412149,23248487.862348434
775,2023-02-15,23276358.285679977,23280950.15494259,23278534.215914533
776,2023-02-16,23306023.234888405,23311035.27121348,23308502.619391493
777,2023-02-17,23336099.124567058,23340995.44538367,23338533.66957611
778,2023-02-18,23366054.6686598,23371217.951400805,23368536.648198005
779,2023-02-19,23395895.042517297,23401357.010106508,23398508.988248117
780,2023-02-20,23425797.041294437,23431219.205831155,23428494.444462754
781,2023-02-21,23455682.062655557,23461339.982826438,23458466.077198926
782,2023-02-22,23485714.28350686,23491439.312120114,23488512.876959264
783,2023-02-23,23515556.785738043,23521608.562971983,23518481.023256063
784,2023-02-24,23545479.898728803,23551659.23674133,23548512.38055921
785,2023-02-25,23575328.414625503,23581799.672513954,23578515.413273204
786,2023-02-26,23605264.29900678,23611954.46248297,23608487.532325752
787,2023-02-27,23635299.073401287,23641961.01209861,23638472.88566268
788,2023-02-28,23665055.359858204,23672065.42327344,23668444.29204942
789,2023-03-01,23694925.129693482,23702269.613683306,23698491.538004
790,2023-03-02,23725039.121362347,23732361.371565334,23728459.427120626
791,2023-03-03,23754832.535158705,23762484.350938097,23758491.0915423
792,2023-03-04,23784786.15586517,23792489.78261301,23788494.178348396
793,2023-03-05,23814730.96380258,23822735.277029812,23818466.076403387
794,2023-03-06,23844525.909000687,23852693.565849096,23848451.32686261
795,2023-03-07,23874312.84312049,23882798.686866064,23878422.506899923
796,2023-03-08,23904322.433661938,23912931.87738996,23908470.19904873
797,2023-03-09,23934157.37700883,23943104.969208848,23938437.83098519
798,2023-03-10,23964246.900473513,23972972.62642856,23968469.80252539
799,2023-03-11,23994114.90654619,24003339.203243766,23998472.943423595
800,2023-03-12,24023880.370876156,24033079.75603186,24028444.62048103
801,2023-03-13,24053823.412357915,24063464.530307844,24058429.768062543
802,2023-03-14,24083666.15242187,24093492.38392571,24088400.721750416
803,2023-03-15,24113745.97100924,24123603.86566384,24118448.860093467
804,2023-03-16,24143498.93126223,24153868.118988026,24148416.234849755
805,2023-03-17,24173342.017659616,24183807.224094395,24178448.513508487
806,2023-03-18,24203251.79388727,24213721.01576973,24208451.70849879
807,2023-03-19,24233114.137811285,24243987.96386513,24238423.164558668
808,2023-03-20,24262887.927852955,24274044.483759865,24268408.209262468
809,2023-03-21,24292792.840274263,24304168.845004376,24298378.936600912
810,2023-03-22,24322639.35032828,24334340.432705365,24328427.5211382
811,2023-03-23,24352786.609970596,24364243.689149585,24358394.63871432
812,2023-03-24,24382321.4149491,24394379.064138938,24388427.22449158
813,2023-03-25,24412199.281814814,24424620.34911724,24418430.473573983
814,2023-03-26,24442266.66383756,24454616.60552215,24448401.708636303
815,2023-03-27,24472264.105092637,24484735.91323463,24478386.650462404
816,2023-03-28,24502096.725720387,24515000.803129885,24508357.151451405
817,2023-03-29,24531928.35785795,24545141.37360231,24538406.182182934
818,2023-03-30,24561948.04073931,24575266.60859088,24568373.042578883
819,2023-03-31,24591822.01218162,24605383.20926651,24598405.93547468
820,2023-04-01,24621728.590248264,24635398.19316146,24628409.238649182
821,2023-04-02,24651940.581176966,24665562.972621765,24658380.252713937
822,2023-04-03,24681524.086870268,24695693.658433195,24688365.091662336
823,2023-04-04,24711307.48734695,24725739.860383183,24718335.366301905
824,2023-04-05,24741248.071180742,24755989.468774803,24748384.84322767
825,2023-04-06,24771223.797327522,24786127.223538686,24778351.44644345
826,2023-04-07,24801098.76121666,24816144.40743719,24808384.646457765
827,2023-04-08,24830988.40187057,24846311.269823365,24838388.003724374
828,2023-04-09,24860993.78071422,24876327.050115295,24868358.796791576
829,2023-04-10,24890780.00443845,24906423.16841969,24898343.53286226
